mean_accuracy,time_this_iter_s,done,timesteps_total,episodes_total,training_iteration,experiment_id,date,timestamp,time_total_s,pid,hostname,node_ip,time_since_restore,timesteps_since_restore,iterations_since_restore,trial_id,keras_info/batch,keras_info/size,keras_info/loss,keras_info/accuracy,keras_info/neg_loss
0.046875,4.708094596862793,False,,,1,1c975a0c01d24b99a0790a45cfe7581a,2019-11-07_10-39-20,1573094360,4.708094596862793,6873,miuser-M83,192.168.3.90,4.708094596862793,0,1,c9640c04,0,128,2.301255702972412,0.046875,-2.301255702972412
0.10546875,0.31717848777770996,False,,,2,1c975a0c01d24b99a0790a45cfe7581a,2019-11-07_10-39-21,1573094361,5.025273084640503,6873,miuser-M83,192.168.3.90,5.025273084640503,0,2,c9640c04,1,128,2.2920665740966797,0.10546875,-2.2920665740966797
0.0911458358168602,0.17638754844665527,False,,,3,1c975a0c01d24b99a0790a45cfe7581a,2019-11-07_10-39-21,1573094361,5.201660633087158,6873,miuser-M83,192.168.3.90,5.201660633087158,0,3,c9640c04,2,128,2.273892402648926,0.0911458358168602,-2.273892402648926
0.1015625,0.17276310920715332,False,,,4,1c975a0c01d24b99a0790a45cfe7581a,2019-11-07_10-39-21,1573094361,5.3744237422943115,6873,miuser-M83,192.168.3.90,5.3744237422943115,0,4,c9640c04,3,128,2.273054599761963,0.1015625,-2.273054599761963
0.12031249701976776,0.17314600944519043,False,,,5,1c975a0c01d24b99a0790a45cfe7581a,2019-11-07_10-39-21,1573094361,5.547569751739502,6873,miuser-M83,192.168.3.90,5.547569751739502,0,5,c9640c04,4,128,2.2381234169006348,0.12031249701976776,-2.2381234169006348
0.1510416716337204,0.1782989501953125,False,,,6,1c975a0c01d24b99a0790a45cfe7581a,2019-11-07_10-39-21,1573094361,5.7258687019348145,6873,miuser-M83,192.168.3.90,5.7258687019348145,0,6,c9640c04,5,128,2.1988911628723145,0.1510416716337204,-2.1988911628723145
0.1629464328289032,0.1867811679840088,False,,,7,1c975a0c01d24b99a0790a45cfe7581a,2019-11-07_10-39-21,1573094361,5.912649869918823,6873,miuser-M83,192.168.3.90,5.912649869918823,0,7,c9640c04,6,128,2.1456894874572754,0.1629464328289032,-2.1456894874572754
0.1748046875,0.20377779006958008,False,,,8,1c975a0c01d24b99a0790a45cfe7581a,2019-11-07_10-39-22,1573094362,6.116427659988403,6873,miuser-M83,192.168.3.90,6.116427659988403,0,8,c9640c04,7,128,2.1330056190490723,0.1748046875,-2.1330056190490723
0.1935763955116272,0.1720261573791504,False,,,9,1c975a0c01d24b99a0790a45cfe7581a,2019-11-07_10-39-22,1573094362,6.288453817367554,6873,miuser-M83,192.168.3.90,6.288453817367554,0,9,c9640c04,8,128,2.0479280948638916,0.1935763955116272,-2.0479280948638916
0.20859375596046448,0.17720389366149902,False,,,10,1c975a0c01d24b99a0790a45cfe7581a,2019-11-07_10-39-22,1573094362,6.465657711029053,6873,miuser-M83,192.168.3.90,6.465657711029053,0,10,c9640c04,9,128,1.9946630001068115,0.20859375596046448,-1.9946630001068115
0.22372159361839294,0.17604804039001465,False,,,11,1c975a0c01d24b99a0790a45cfe7581a,2019-11-07_10-39-22,1573094362,6.641705751419067,6873,miuser-M83,192.168.3.90,6.641705751419067,0,11,c9640c04,10,128,1.8744910955429077,0.22372159361839294,-1.8744910955429077
0.2454427033662796,0.17293286323547363,False,,,12,1c975a0c01d24b99a0790a45cfe7581a,2019-11-07_10-39-22,1573094362,6.814638614654541,6873,miuser-M83,192.168.3.90,6.814638614654541,0,12,c9640c04,11,128,1.6927077770233154,0.2454427033662796,-1.6927077770233154
0.2680288553237915,0.17299795150756836,False,,,13,1c975a0c01d24b99a0790a45cfe7581a,2019-11-07_10-39-23,1573094363,6.987636566162109,6873,miuser-M83,192.168.3.90,6.987636566162109,0,13,c9640c04,12,128,1.4224717617034912,0.2680288553237915,-1.4224717617034912
0.2857142984867096,0.1683216094970703,False,,,14,1c975a0c01d24b99a0790a45cfe7581a,2019-11-07_10-39-23,1573094363,7.15595817565918,6873,miuser-M83,192.168.3.90,7.15595817565918,0,14,c9640c04,13,128,1.429330587387085,0.2857142984867096,-1.429330587387085
0.3031249940395355,0.17986607551574707,False,,,15,1c975a0c01d24b99a0790a45cfe7581a,2019-11-07_10-39-23,1573094363,7.335824251174927,6873,miuser-M83,192.168.3.90,7.335824251174927,0,15,c9640c04,14,128,1.4174003601074219,0.3031249940395355,-1.4174003601074219
0.31201171875,0.17943239212036133,False,,,16,1c975a0c01d24b99a0790a45cfe7581a,2019-11-07_10-39-23,1573094363,7.515256643295288,6873,miuser-M83,192.168.3.90,7.515256643295288,0,16,c9640c04,15,128,1.4802427291870117,0.31201171875,-1.4802427291870117
0.32306984066963196,0.17977643013000488,False,,,17,1c975a0c01d24b99a0790a45cfe7581a,2019-11-07_10-39-23,1573094363,7.695033073425293,6873,miuser-M83,192.168.3.90,7.695033073425293,0,17,c9640c04,16,128,1.3889203071594238,0.32306984066963196,-1.3889203071594238
0.3402777910232544,0.18392467498779297,False,,,18,1c975a0c01d24b99a0790a45cfe7581a,2019-11-07_10-39-23,1573094363,7.878957748413086,6873,miuser-M83,192.168.3.90,7.878957748413086,0,18,c9640c04,17,128,1.1164510250091553,0.3402777910232544,-1.1164510250091553
0.35238486528396606,0.17154431343078613,False,,,19,1c975a0c01d24b99a0790a45cfe7581a,2019-11-07_10-39-24,1573094364,8.050502061843872,6873,miuser-M83,192.168.3.90,8.050502061843872,0,19,c9640c04,18,128,1.3302556276321411,0.35238486528396606,-1.3302556276321411
0.365234375,0.16832733154296875,False,,,20,1c975a0c01d24b99a0790a45cfe7581a,2019-11-07_10-39-24,1573094364,8.21882939338684,6873,miuser-M83,192.168.3.90,8.21882939338684,0,20,c9640c04,19,128,1.3047480583190918,0.365234375,-1.3047480583190918
0.3757440447807312,0.1765444278717041,False,,,21,1c975a0c01d24b99a0790a45cfe7581a,2019-11-07_10-39-24,1573094364,8.395373821258545,6873,miuser-M83,192.168.3.90,8.395373821258545,0,21,c9640c04,20,128,1.1386029720306396,0.3757440447807312,-1.1386029720306396
0.3863636255264282,0.17536187171936035,False,,,22,1c975a0c01d24b99a0790a45cfe7581a,2019-11-07_10-39-24,1573094364,8.570735692977905,6873,miuser-M83,192.168.3.90,8.570735692977905,0,22,c9640c04,21,128,1.1963512897491455,0.3863636255264282,-1.1963512897491455
0.3943614065647125,0.17684388160705566,False,,,23,1c975a0c01d24b99a0790a45cfe7581a,2019-11-07_10-39-24,1573094364,8.747579574584961,6873,miuser-M83,192.168.3.90,8.747579574584961,0,23,c9640c04,22,128,1.2357096672058105,0.3943614065647125,-1.2357096672058105
0.40234375,0.17345380783081055,False,,,24,1c975a0c01d24b99a0790a45cfe7581a,2019-11-07_10-39-24,1573094364,8.921033382415771,6873,miuser-M83,192.168.3.90,8.921033382415771,0,24,c9640c04,23,128,1.289275884628296,0.40234375,-1.289275884628296
0.41312500834465027,0.1732006072998047,False,,,25,1c975a0c01d24b99a0790a45cfe7581a,2019-11-07_10-39-25,1573094365,9.094233989715576,6873,miuser-M83,192.168.3.90,9.094233989715576,0,25,c9640c04,24,128,1.1010117530822754,0.41312500834465027,-1.1010117530822754
0.421875,0.17248034477233887,False,,,26,1c975a0c01d24b99a0790a45cfe7581a,2019-11-07_10-39-25,1573094365,9.266714334487915,6873,miuser-M83,192.168.3.90,9.266714334487915,0,26,c9640c04,25,128,1.009918212890625,0.421875,-1.009918212890625
0.42853009700775146,0.18087410926818848,False,,,27,1c975a0c01d24b99a0790a45cfe7581a,2019-11-07_10-39-25,1573094365,9.447588443756104,6873,miuser-M83,192.168.3.90,9.447588443756104,0,27,c9640c04,26,128,1.1222189664840698,0.42853009700775146,-1.1222189664840698
0.4361049234867096,0.17136192321777344,False,,,28,1c975a0c01d24b99a0790a45cfe7581a,2019-11-07_10-39-25,1573094365,9.618950366973877,6873,miuser-M83,192.168.3.90,9.618950366973877,0,28,c9640c04,27,128,1.137582540512085,0.4361049234867096,-1.137582540512085
0.4450431168079376,0.17262887954711914,False,,,29,1c975a0c01d24b99a0790a45cfe7581a,2019-11-07_10-39-25,1573094365,9.791579246520996,6873,miuser-M83,192.168.3.90,9.791579246520996,0,29,c9640c04,28,128,0.90400230884552,0.4450431168079376,-0.90400230884552
0.45234376192092896,0.18682217597961426,False,,,30,1c975a0c01d24b99a0790a45cfe7581a,2019-11-07_10-39-26,1573094366,9.97840142250061,6873,miuser-M83,192.168.3.90,9.97840142250061,0,30,c9640c04,29,128,0.9960018396377563,0.45234376192092896,-0.9960018396377563
0.4569052457809448,0.1846637725830078,False,,,31,1c975a0c01d24b99a0790a45cfe7581a,2019-11-07_10-39-26,1573094366,10.163065195083618,6873,miuser-M83,192.168.3.90,10.163065195083618,0,31,c9640c04,30,128,1.218516230583191,0.4569052457809448,-1.218516230583191
0.462890625,0.1770632266998291,False,,,32,1c975a0c01d24b99a0790a45cfe7581a,2019-11-07_10-39-26,1573094366,10.340128421783447,6873,miuser-M83,192.168.3.90,10.340128421783447,0,32,c9640c04,31,128,1.137467622756958,0.462890625,-1.137467622756958
0.4708806872367859,0.17338275909423828,False,,,33,1c975a0c01d24b99a0790a45cfe7581a,2019-11-07_10-39-26,1573094366,10.513511180877686,6873,miuser-M83,192.168.3.90,10.513511180877686,0,33,c9640c04,32,128,0.8700152635574341,0.4708806872367859,-0.8700152635574341
0.47679227590560913,0.1695997714996338,False,,,34,1c975a0c01d24b99a0790a45cfe7581a,2019-11-07_10-39-26,1573094366,10.68311095237732,6873,miuser-M83,192.168.3.90,10.68311095237732,0,34,c9640c04,33,128,0.9790378212928772,0.47679227590560913,-0.9790378212928772
0.4837053716182709,0.17663025856018066,False,,,35,1c975a0c01d24b99a0790a45cfe7581a,2019-11-07_10-39-26,1573094366,10.8597412109375,6873,miuser-M83,192.168.3.90,10.8597412109375,0,35,c9640c04,34,128,0.8886113166809082,0.4837053716182709,-0.8886113166809082
0.4895833432674408,0.17293977737426758,False,,,36,1c975a0c01d24b99a0790a45cfe7581a,2019-11-07_10-39-27,1573094367,11.032680988311768,6873,miuser-M83,192.168.3.90,11.032680988311768,0,36,c9640c04,35,128,0.9225667715072632,0.4895833432674408,-0.9225667715072632
0.49387669563293457,0.17018413543701172,False,,,37,1c975a0c01d24b99a0790a45cfe7581a,2019-11-07_10-39-27,1573094367,11.20286512374878,6873,miuser-M83,192.168.3.90,11.20286512374878,0,37,c9640c04,36,128,1.004164457321167,0.49387669563293457,-1.004164457321167
0.5004112124443054,0.17168450355529785,False,,,38,1c975a0c01d24b99a0790a45cfe7581a,2019-11-07_10-39-27,1573094367,11.374549627304077,6873,miuser-M83,192.168.3.90,11.374549627304077,0,38,c9640c04,37,128,0.7728046774864197,0.5004112124443054,-0.7728046774864197
0.5050080418586731,0.17186856269836426,False,,,39,1c975a0c01d24b99a0790a45cfe7581a,2019-11-07_10-39-27,1573094367,11.546418190002441,6873,miuser-M83,192.168.3.90,11.546418190002441,0,39,c9640c04,38,128,0.9900457859039307,0.5050080418586731,-0.9900457859039307
0.5103515386581421,0.17122101783752441,False,,,40,1c975a0c01d24b99a0790a45cfe7581a,2019-11-07_10-39-27,1573094367,11.717639207839966,6873,miuser-M83,192.168.3.90,11.717639207839966,0,40,c9640c04,39,128,0.7703121900558472,0.5103515386581421,-0.7703121900558472
0.5150533318519592,0.1690082550048828,False,,,41,1c975a0c01d24b99a0790a45cfe7581a,2019-11-07_10-39-27,1573094367,11.886647462844849,6873,miuser-M83,192.168.3.90,11.886647462844849,0,41,c9640c04,40,128,0.8763723969459534,0.5150533318519592,-0.8763723969459534
0.5202752947807312,0.1738905906677246,False,,,42,1c975a0c01d24b99a0790a45cfe7581a,2019-11-07_10-39-28,1573094368,12.060538053512573,6873,miuser-M83,192.168.3.90,12.060538053512573,0,42,c9640c04,41,128,0.7833867073059082,0.5202752947807312,-0.7833867073059082
0.5245276093482971,0.16948628425598145,False,,,43,1c975a0c01d24b99a0790a45cfe7581a,2019-11-07_10-39-28,1573094368,12.230024337768555,6873,miuser-M83,192.168.3.90,12.230024337768555,0,43,c9640c04,42,128,0.8821855783462524,0.5245276093482971,-0.8821855783462524
0.5305397510528564,0.17431044578552246,False,,,44,1c975a0c01d24b99a0790a45cfe7581a,2019-11-07_10-39-28,1573094368,12.404334783554077,6873,miuser-M83,192.168.3.90,12.404334783554077,0,44,c9640c04,43,128,0.7200194001197815,0.5305397510528564,-0.7200194001197815
0.5366319417953491,0.18059253692626953,False,,,45,1c975a0c01d24b99a0790a45cfe7581a,2019-11-07_10-39-28,1573094368,12.584927320480347,6873,miuser-M83,192.168.3.90,12.584927320480347,0,45,c9640c04,44,128,0.6399232149124146,0.5366319417953491,-0.6399232149124146
0.54127037525177,0.17525386810302734,False,,,46,1c975a0c01d24b99a0790a45cfe7581a,2019-11-07_10-39-28,1573094368,12.760181188583374,6873,miuser-M83,192.168.3.90,12.760181188583374,0,46,c9640c04,45,128,0.7960189580917358,0.54127037525177,-0.7960189580917358
0.5457114577293396,0.17885899543762207,False,,,47,1c975a0c01d24b99a0790a45cfe7581a,2019-11-07_10-39-28,1573094368,12.939040184020996,6873,miuser-M83,192.168.3.90,12.939040184020996,0,47,c9640c04,46,128,0.7472044229507446,0.5457114577293396,-0.7472044229507446
0.548828125,0.17419195175170898,False,,,48,1c975a0c01d24b99a0790a45cfe7581a,2019-11-07_10-39-29,1573094369,13.113232135772705,6873,miuser-M83,192.168.3.90,13.113232135772705,0,48,c9640c04,47,128,0.9656570553779602,0.548828125,-0.9656570553779602
0.5538902878761292,0.17041802406311035,False,,,49,1c975a0c01d24b99a0790a45cfe7581a,2019-11-07_10-39-29,1573094369,13.283650159835815,6873,miuser-M83,192.168.3.90,13.283650159835815,0,49,c9640c04,48,128,0.5938413143157959,0.5538902878761292,-0.5938413143157959
0.5576562285423279,0.17380475997924805,False,,,50,1c975a0c01d24b99a0790a45cfe7581a,2019-11-07_10-39-29,1573094369,13.457454919815063,6873,miuser-M83,192.168.3.90,13.457454919815063,0,50,c9640c04,49,128,0.845361590385437,0.5576562285423279,-0.845361590385437
0.5617340803146362,0.1750965118408203,False,,,51,1c975a0c01d24b99a0790a45cfe7581a,2019-11-07_10-39-29,1573094369,13.632551431655884,6873,miuser-M83,192.168.3.90,13.632551431655884,0,51,c9640c04,50,128,0.8717508912086487,0.5617340803146362,-0.8717508912086487
0.5659555196762085,0.18078327178955078,False,,,52,1c975a0c01d24b99a0790a45cfe7581a,2019-11-07_10-39-29,1573094369,13.813334703445435,6873,miuser-M83,192.168.3.90,13.813334703445435,0,52,c9640c04,51,128,0.5993572473526001,0.5659555196762085,-0.5993572473526001
0.5695754885673523,0.17518329620361328,False,,,53,1c975a0c01d24b99a0790a45cfe7581a,2019-11-07_10-39-30,1573094370,13.988517999649048,6873,miuser-M83,192.168.3.90,13.988517999649048,0,53,c9640c04,52,128,0.715711236000061,0.5695754885673523,-0.715711236000061
0.5717592835426331,0.17711448669433594,False,,,54,1c975a0c01d24b99a0790a45cfe7581a,2019-11-07_10-39-30,1573094370,14.165632486343384,6873,miuser-M83,192.168.3.90,14.165632486343384,0,54,c9640c04,53,128,0.9563803672790527,0.5717592835426331,-0.9563803672790527
0.5748579502105713,0.1740429401397705,False,,,55,1c975a0c01d24b99a0790a45cfe7581a,2019-11-07_10-39-30,1573094370,14.339675426483154,6873,miuser-M83,192.168.3.90,14.339675426483154,0,55,c9640c04,54,128,0.7305170893669128,0.5748579502105713,-0.7305170893669128
0.5785435438156128,0.1723003387451172,False,,,56,1c975a0c01d24b99a0790a45cfe7581a,2019-11-07_10-39-30,1573094370,14.511975765228271,6873,miuser-M83,192.168.3.90,14.511975765228271,0,56,c9640c04,55,128,0.7522903680801392,0.5785435438156128,-0.7522903680801392
0.5827850699424744,0.17492055892944336,False,,,57,1c975a0c01d24b99a0790a45cfe7581a,2019-11-07_10-39-30,1573094370,14.686896324157715,6873,miuser-M83,192.168.3.90,14.686896324157715,0,57,c9640c04,56,128,0.6544620990753174,0.5827850699424744,-0.6544620990753174
0.5856680870056152,0.17629647254943848,False,,,58,1c975a0c01d24b99a0790a45cfe7581a,2019-11-07_10-39-30,1573094370,14.863192796707153,6873,miuser-M83,192.168.3.90,14.863192796707153,0,58,c9640c04,57,128,0.7284682989120483,0.5856680870056152,-0.7284682989120483
0.5876588821411133,0.19638514518737793,False,,,59,1c975a0c01d24b99a0790a45cfe7581a,2019-11-07_10-39-31,1573094371,15.059577941894531,6873,miuser-M83,192.168.3.90,15.059577941894531,0,59,c9640c04,58,128,0.8560060262680054,0.5876588821411133,-0.8560060262680054
0.5911458134651184,0.19362258911132812,False,,,60,1c975a0c01d24b99a0790a45cfe7581a,2019-11-07_10-39-31,1573094371,15.25320053100586,6873,miuser-M83,192.168.3.90,15.25320053100586,0,60,c9640c04,59,128,0.5419394373893738,0.5911458134651184,-0.5419394373893738
0.5938780903816223,0.1667954921722412,False,,,61,1c975a0c01d24b99a0790a45cfe7581a,2019-11-07_10-39-31,1573094371,15.4199960231781,6873,miuser-M83,192.168.3.90,15.4199960231781,0,61,c9640c04,60,128,0.7014435529708862,0.5938780903816223,-0.7014435529708862
0.5972782373428345,0.1758103370666504,False,,,62,1c975a0c01d24b99a0790a45cfe7581a,2019-11-07_10-39-31,1573094371,15.595806360244751,6873,miuser-M83,192.168.3.90,15.595806360244751,0,62,c9640c04,61,128,0.6104962229728699,0.5972782373428345,-0.6104962229728699
0.59995037317276,0.17597603797912598,False,,,63,1c975a0c01d24b99a0790a45cfe7581a,2019-11-07_10-39-31,1573094371,15.771782398223877,6873,miuser-M83,192.168.3.90,15.771782398223877,0,63,c9640c04,62,128,0.6028547883033752,0.59995037317276,-0.6028547883033752
0.6041259765625,0.17172861099243164,False,,,64,1c975a0c01d24b99a0790a45cfe7581a,2019-11-07_10-39-32,1573094372,15.943511009216309,6873,miuser-M83,192.168.3.90,15.943511009216309,0,64,c9640c04,63,128,0.4323340654373169,0.6041259765625,-0.4323340654373169
0.6069711446762085,0.17132997512817383,False,,,65,1c975a0c01d24b99a0790a45cfe7581a,2019-11-07_10-39-32,1573094372,16.114840984344482,6873,miuser-M83,192.168.3.90,16.114840984344482,0,65,c9640c04,64,128,0.600229799747467,0.6069711446762085,-0.600229799747467
0.6100852489471436,0.1688687801361084,False,,,66,1c975a0c01d24b99a0790a45cfe7581a,2019-11-07_10-39-32,1573094372,16.28370976448059,6873,miuser-M83,192.168.3.90,16.28370976448059,0,66,c9640c04,65,128,0.505159854888916,0.6100852489471436,-0.505159854888916
0.6121734976768494,0.17308545112609863,False,,,67,1c975a0c01d24b99a0790a45cfe7581a,2019-11-07_10-39-32,1573094372,16.45679521560669,6873,miuser-M83,192.168.3.90,16.45679521560669,0,67,c9640c04,66,128,0.7481122612953186,0.6121734976768494,-0.7481122612953186
0.6154641509056091,0.17073440551757812,False,,,68,1c975a0c01d24b99a0790a45cfe7581a,2019-11-07_10-39-32,1573094372,16.627529621124268,6873,miuser-M83,192.168.3.90,16.627529621124268,0,68,c9640c04,67,128,0.46987026929855347,0.6154641509056091,-0.46987026929855347
0.618546187877655,0.17197728157043457,False,,,69,1c975a0c01d24b99a0790a45cfe7581a,2019-11-07_10-39-32,1573094372,16.799506902694702,6873,miuser-M83,192.168.3.90,16.799506902694702,0,69,c9640c04,68,128,0.37237104773521423,0.618546187877655,-0.37237104773521423
0.6209821701049805,0.17294716835021973,False,,,70,1c975a0c01d24b99a0790a45cfe7581a,2019-11-07_10-39-33,1573094373,16.972454071044922,6873,miuser-M83,192.168.3.90,16.972454071044922,0,70,c9640c04,69,128,0.6640526056289673,0.6209821701049805,-0.6640526056289673
0.6229093074798584,0.17035126686096191,False,,,71,1c975a0c01d24b99a0790a45cfe7581a,2019-11-07_10-39-33,1573094373,17.142805337905884,6873,miuser-M83,192.168.3.90,17.142805337905884,0,71,c9640c04,70,128,0.7867201566696167,0.6229093074798584,-0.7867201566696167
0.6259765625,0.17127442359924316,False,,,72,1c975a0c01d24b99a0790a45cfe7581a,2019-11-07_10-39-33,1573094373,17.314079761505127,6873,miuser-M83,192.168.3.90,17.314079761505127,0,72,c9640c04,71,128,0.5242586731910706,0.6259765625,-0.5242586731910706
0.6291738152503967,0.16799044609069824,False,,,73,1c975a0c01d24b99a0790a45cfe7581a,2019-11-07_10-39-33,1573094373,17.482070207595825,6873,miuser-M83,192.168.3.90,17.482070207595825,0,73,c9640c04,72,128,0.5276883840560913,0.6291738152503967,-0.5276883840560913
0.6320734620094299,0.17968082427978516,False,,,74,1c975a0c01d24b99a0790a45cfe7581a,2019-11-07_10-39-33,1573094373,17.66175103187561,6873,miuser-M83,192.168.3.90,17.66175103187561,0,74,c9640c04,73,128,0.6201057434082031,0.6320734620094299,-0.6201057434082031
0.6341666579246521,0.1810452938079834,False,,,75,1c975a0c01d24b99a0790a45cfe7581a,2019-11-07_10-39-33,1573094373,17.842796325683594,6873,miuser-M83,192.168.3.90,17.842796325683594,0,75,c9640c04,74,128,0.6348413228988647,0.6341666579246521,-0.6348413228988647
0.6370271444320679,0.1742398738861084,False,,,76,1c975a0c01d24b99a0790a45cfe7581a,2019-11-07_10-39-34,1573094374,18.017036199569702,6873,miuser-M83,192.168.3.90,18.017036199569702,0,76,c9640c04,75,128,0.5825771689414978,0.6370271444320679,-0.5825771689414978
0.6391030550003052,0.17309808731079102,False,,,77,1c975a0c01d24b99a0790a45cfe7581a,2019-11-07_10-39-34,1573094374,18.190134286880493,6873,miuser-M83,192.168.3.90,18.190134286880493,0,77,c9640c04,76,128,0.5710653066635132,0.6391030550003052,-0.5710653066635132
0.6416265964508057,0.1684250831604004,False,,,78,1c975a0c01d24b99a0790a45cfe7581a,2019-11-07_10-39-34,1573094374,18.358559370040894,6873,miuser-M83,192.168.3.90,18.358559370040894,0,78,c9640c04,77,128,0.5372428894042969,0.6416265964508057,-0.5372428894042969
0.6431962251663208,0.1744530200958252,False,,,79,1c975a0c01d24b99a0790a45cfe7581a,2019-11-07_10-39-34,1573094374,18.53301239013672,6873,miuser-M83,192.168.3.90,18.53301239013672,0,79,c9640c04,78,128,0.7283421754837036,0.6431962251663208,-0.7283421754837036
0.6446288824081421,0.2525601387023926,False,,,80,1c975a0c01d24b99a0790a45cfe7581a,2019-11-07_10-39-34,1573094374,18.78557252883911,6873,miuser-M83,192.168.3.90,18.78557252883911,0,80,c9640c04,79,128,0.6374613642692566,0.6446288824081421,-0.6374613642692566
0.6466049551963806,0.18675446510314941,False,,,81,1c975a0c01d24b99a0790a45cfe7581a,2019-11-07_10-39-35,1573094375,18.97232699394226,6873,miuser-M83,192.168.3.90,18.97232699394226,0,81,c9640c04,80,128,0.4948588013648987,0.6466049551963806,-0.4948588013648987
0.6485327482223511,0.23414063453674316,False,,,82,1c975a0c01d24b99a0790a45cfe7581a,2019-11-07_10-39-35,1573094375,19.206467628479004,6873,miuser-M83,192.168.3.90,19.206467628479004,0,82,c9640c04,81,128,0.5349562168121338,0.6485327482223511,-0.5349562168121338
0.6505082845687866,0.19989585876464844,False,,,83,1c975a0c01d24b99a0790a45cfe7581a,2019-11-07_10-39-35,1573094375,19.406363487243652,6873,miuser-M83,192.168.3.90,19.406363487243652,0,83,c9640c04,82,128,0.5522197484970093,0.6505082845687866,-0.5522197484970093
0.6529948115348816,0.17879581451416016,False,,,84,1c975a0c01d24b99a0790a45cfe7581a,2019-11-07_10-39-35,1573094375,19.585159301757812,6873,miuser-M83,192.168.3.90,19.585159301757812,0,84,c9640c04,83,128,0.39249128103256226,0.6529948115348816,-0.39249128103256226
0.6546875238418579,0.18357396125793457,False,,,85,1c975a0c01d24b99a0790a45cfe7581a,2019-11-07_10-39-35,1573094375,19.768733263015747,6873,miuser-M83,192.168.3.90,19.768733263015747,0,85,c9640c04,84,128,0.6288701295852661,0.6546875238418579,-0.6288701295852661
0.65625,0.20853948593139648,False,,,86,1c975a0c01d24b99a0790a45cfe7581a,2019-11-07_10-39-36,1573094376,19.977272748947144,6873,miuser-M83,192.168.3.90,19.977272748947144,0,86,c9640c04,85,128,0.7272195816040039,0.65625,-0.7272195816040039
0.6577765941619873,0.18687105178833008,False,,,87,1c975a0c01d24b99a0790a45cfe7581a,2019-11-07_10-39-36,1573094376,20.164143800735474,6873,miuser-M83,192.168.3.90,20.164143800735474,0,87,c9640c04,86,128,0.7070627808570862,0.6577765941619873,-0.7070627808570862
0.6594460010528564,0.18258142471313477,False,,,88,1c975a0c01d24b99a0790a45cfe7581a,2019-11-07_10-39-36,1573094376,20.34672522544861,6873,miuser-M83,192.168.3.90,20.34672522544861,0,88,c9640c04,87,128,0.49661552906036377,0.6594460010528564,-0.49661552906036377
0.6616924405097961,0.1680312156677246,False,,,89,1c975a0c01d24b99a0790a45cfe7581a,2019-11-07_10-39-36,1573094376,20.514756441116333,6873,miuser-M83,192.168.3.90,20.514756441116333,0,89,c9640c04,88,128,0.4593563377857208,0.6616924405097961,-0.4593563377857208
0.663975715637207,0.17351555824279785,False,,,90,1c975a0c01d24b99a0790a45cfe7581a,2019-11-07_10-39-36,1573094376,20.68827199935913,6873,miuser-M83,192.168.3.90,20.68827199935913,0,90,c9640c04,89,128,0.3806198239326477,0.663975715637207,-0.3806198239326477
0.6655219793319702,0.17754912376403809,False,,,91,1c975a0c01d24b99a0790a45cfe7581a,2019-11-07_10-39-36,1573094376,20.86582112312317,6873,miuser-M83,192.168.3.90,20.86582112312317,0,91,c9640c04,90,128,0.5866458415985107,0.6655219793319702,-0.5866458415985107
0.6677989363670349,0.16799521446228027,False,,,92,1c975a0c01d24b99a0790a45cfe7581a,2019-11-07_10-39-37,1573094377,21.03381633758545,6873,miuser-M83,192.168.3.90,21.03381633758545,0,92,c9640c04,91,128,0.39659711718559265,0.6677989363670349,-0.39659711718559265
0.6696908473968506,0.17512273788452148,False,,,93,1c975a0c01d24b99a0790a45cfe7581a,2019-11-07_10-39-37,1573094377,21.20893907546997,6873,miuser-M83,192.168.3.90,21.20893907546997,0,93,c9640c04,92,128,0.4404853284358978,0.6696908473968506,-0.4404853284358978
0.6713763475418091,0.17025470733642578,False,,,94,1c975a0c01d24b99a0790a45cfe7581a,2019-11-07_10-39-37,1573094377,21.379193782806396,6873,miuser-M83,192.168.3.90,21.379193782806396,0,94,c9640c04,93,128,0.43584227561950684,0.6713763475418091,-0.43584227561950684
0.6729440689086914,0.1715543270111084,False,,,95,1c975a0c01d24b99a0790a45cfe7581a,2019-11-07_10-39-37,1573094377,21.550748109817505,6873,miuser-M83,192.168.3.90,21.550748109817505,0,95,c9640c04,94,128,0.5431602001190186,0.6729440689086914,-0.5431602001190186
0.674560546875,0.17143559455871582,False,,,96,1c975a0c01d24b99a0790a45cfe7581a,2019-11-07_10-39-37,1573094377,21.72218370437622,6873,miuser-M83,192.168.3.90,21.72218370437622,0,96,c9640c04,95,128,0.5419407486915588,0.674560546875,-0.5419407486915588
0.6763047575950623,0.17288970947265625,False,,,97,1c975a0c01d24b99a0790a45cfe7581a,2019-11-07_10-39-37,1573094377,21.895073413848877,6873,miuser-M83,192.168.3.90,21.895073413848877,0,97,c9640c04,96,128,0.4611782431602478,0.6763047575950623,-0.4611782431602478
0.6781728267669678,0.17531228065490723,False,,,98,1c975a0c01d24b99a0790a45cfe7581a,2019-11-07_10-39-38,1573094378,22.070385694503784,6873,miuser-M83,192.168.3.90,22.070385694503784,0,98,c9640c04,97,128,0.48273494839668274,0.6781728267669678,-0.48273494839668274
0.6798453330993652,0.18080615997314453,False,,,99,1c975a0c01d24b99a0790a45cfe7581a,2019-11-07_10-39-38,1573094378,22.25119185447693,6873,miuser-M83,192.168.3.90,22.25119185447693,0,99,c9640c04,98,128,0.5825631022453308,0.6798453330993652,-0.5825631022453308
0.6820312738418579,0.2271437644958496,False,,,100,1c975a0c01d24b99a0790a45cfe7581a,2019-11-07_10-39-38,1573094378,22.47833561897278,6873,miuser-M83,192.168.3.90,22.47833561897278,0,100,c9640c04,99,128,0.41836732625961304,0.6820312738418579,-0.41836732625961304
0.6831682920455933,0.188079833984375,False,,,101,1c975a0c01d24b99a0790a45cfe7581a,2019-11-07_10-39-38,1573094378,22.666415452957153,6873,miuser-M83,192.168.3.90,22.666415452957153,0,101,c9640c04,100,128,0.5236208438873291,0.6831682920455933,-0.5236208438873291
0.684819221496582,0.24190568923950195,False,,,102,1c975a0c01d24b99a0790a45cfe7581a,2019-11-07_10-39-38,1573094378,22.908321142196655,6873,miuser-M83,192.168.3.90,22.908321142196655,0,102,c9640c04,101,128,0.5112783908843994,0.684819221496582,-0.5112783908843994
0.6865139603614807,0.23659062385559082,False,,,103,1c975a0c01d24b99a0790a45cfe7581a,2019-11-07_10-39-39,1573094379,23.144911766052246,6873,miuser-M83,192.168.3.90,23.144911766052246,0,103,c9640c04,102,128,0.44405078887939453,0.6865139603614807,-0.44405078887939453
0.6878004670143127,0.16803836822509766,False,,,104,1c975a0c01d24b99a0790a45cfe7581a,2019-11-07_10-39-39,1573094379,23.312950134277344,6873,miuser-M83,192.168.3.90,23.312950134277344,0,104,c9640c04,103,128,0.4747522473335266,0.6878004670143127,-0.4747522473335266
0.6890624761581421,0.25014615058898926,False,,,105,1c975a0c01d24b99a0790a45cfe7581a,2019-11-07_10-39-39,1573094379,23.563096284866333,6873,miuser-M83,192.168.3.90,23.563096284866333,0,105,c9640c04,104,128,0.6021537184715271,0.6890624761581421,-0.6021537184715271
0.6908166408538818,0.1818675994873047,False,,,106,1c975a0c01d24b99a0790a45cfe7581a,2019-11-07_10-39-39,1573094379,23.744963884353638,6873,miuser-M83,192.168.3.90,23.744963884353638,0,106,c9640c04,105,128,0.3926343023777008,0.6908166408538818,-0.3926343023777008
0.6916617751121521,0.17720866203308105,False,,,107,1c975a0c01d24b99a0790a45cfe7581a,2019-11-07_10-39-39,1573094379,23.92217254638672,6873,miuser-M83,192.168.3.90,23.92217254638672,0,107,c9640c04,106,128,0.5515221357345581,0.6916617751121521,-0.5515221357345581
0.6930699944496155,0.17541050910949707,False,,,108,1c975a0c01d24b99a0790a45cfe7581a,2019-11-07_10-39-40,1573094380,24.097583055496216,6873,miuser-M83,192.168.3.90,24.097583055496216,0,108,c9640c04,107,128,0.6987857222557068,0.6930699944496155,-0.6987857222557068
0.6944524049758911,0.17620539665222168,False,,,109,1c975a0c01d24b99a0790a45cfe7581a,2019-11-07_10-39-40,1573094380,24.273788452148438,6873,miuser-M83,192.168.3.90,24.273788452148438,0,109,c9640c04,108,128,0.46381059288978577,0.6944524049758911,-0.46381059288978577
0.6960227489471436,0.17124342918395996,False,,,110,1c975a0c01d24b99a0790a45cfe7581a,2019-11-07_10-39-40,1573094380,24.445031881332397,6873,miuser-M83,192.168.3.90,24.445031881332397,0,110,c9640c04,109,128,0.4484822750091553,0.6960227489471436,-0.4484822750091553
0.6978462934494019,0.17070937156677246,False,,,111,1c975a0c01d24b99a0790a45cfe7581a,2019-11-07_10-39-40,1573094380,24.61574125289917,6873,miuser-M83,192.168.3.90,24.61574125289917,0,111,c9640c04,110,128,0.38624072074890137,0.6978462934494019,-0.38624072074890137
0.6988002061843872,0.17624688148498535,False,,,112,1c975a0c01d24b99a0790a45cfe7581a,2019-11-07_10-39-40,1573094380,24.791988134384155,6873,miuser-M83,192.168.3.90,24.791988134384155,0,112,c9640c04,111,128,0.4980817139148712,0.6988002061843872,-0.4980817139148712
0.7000829577445984,0.17794394493103027,False,,,113,1c975a0c01d24b99a0790a45cfe7581a,2019-11-07_10-39-41,1573094381,24.969932079315186,6873,miuser-M83,192.168.3.90,24.969932079315186,0,113,c9640c04,112,128,0.42807281017303467,0.7000829577445984,-0.42807281017303467
0.7018914222717285,0.16994309425354004,False,,,114,1c975a0c01d24b99a0790a45cfe7581a,2019-11-07_10-39-41,1573094381,25.139875173568726,6873,miuser-M83,192.168.3.90,25.139875173568726,0,114,c9640c04,113,128,0.37125521898269653,0.7018914222717285,-0.37125521898269653
0.703940212726593,0.19478559494018555,False,,,115,1c975a0c01d24b99a0790a45cfe7581a,2019-11-07_10-39-41,1573094381,25.33466076850891,6873,miuser-M83,192.168.3.90,25.33466076850891,0,115,c9640c04,114,128,0.25523078441619873,0.703940212726593,-0.25523078441619873
0.7050107717514038,0.17644238471984863,False,,,116,1c975a0c01d24b99a0790a45cfe7581a,2019-11-07_10-39-41,1573094381,25.51110315322876,6873,miuser-M83,192.168.3.90,25.51110315322876,0,116,c9640c04,115,128,0.5474450588226318,0.7050107717514038,-0.5474450588226318
0.7063968777656555,0.1760249137878418,False,,,117,1c975a0c01d24b99a0790a45cfe7581a,2019-11-07_10-39-41,1573094381,25.6871280670166,6873,miuser-M83,192.168.3.90,25.6871280670166,0,117,c9640c04,116,128,0.47874560952186584,0.7063968777656555,-0.47874560952186584
0.7075608968734741,0.1797184944152832,False,,,118,1c975a0c01d24b99a0790a45cfe7581a,2019-11-07_10-39-41,1573094381,25.866846561431885,6873,miuser-M83,192.168.3.90,25.866846561431885,0,118,c9640c04,117,128,0.5257447361946106,0.7075608968734741,-0.5257447361946106
0.7087709903717041,0.17220211029052734,False,,,119,1c975a0c01d24b99a0790a45cfe7581a,2019-11-07_10-39-42,1573094382,26.039048671722412,6873,miuser-M83,192.168.3.90,26.039048671722412,0,119,c9640c04,118,128,0.3568137288093567,0.7087709903717041,-0.3568137288093567
0.710156261920929,0.16683292388916016,False,,,120,1c975a0c01d24b99a0790a45cfe7581a,2019-11-07_10-39-42,1573094382,26.205881595611572,6873,miuser-M83,192.168.3.90,26.205881595611572,0,120,c9640c04,119,128,0.38634413480758667,0.710156261920929,-0.38634413480758667
0.7116477489471436,0.17041707038879395,False,,,121,1c975a0c01d24b99a0790a45cfe7581a,2019-11-07_10-39-42,1573094382,26.376298666000366,6873,miuser-M83,192.168.3.90,26.376298666000366,0,121,c9640c04,120,128,0.3539523482322693,0.7116477489471436,-0.3539523482322693
0.712602436542511,0.16711902618408203,False,,,122,1c975a0c01d24b99a0790a45cfe7581a,2019-11-07_10-39-42,1573094382,26.54341769218445,6873,miuser-M83,192.168.3.90,26.54341769218445,0,122,c9640c04,121,128,0.5381234884262085,0.712602436542511,-0.5381234884262085
0.7137322425842285,0.17398405075073242,False,,,123,1c975a0c01d24b99a0790a45cfe7581a,2019-11-07_10-39-42,1573094382,26.71740174293518,6873,miuser-M83,192.168.3.90,26.71740174293518,0,123,c9640c04,122,128,0.3702314496040344,0.7137322425842285,-0.3702314496040344
0.7146547436714172,0.1912240982055664,False,,,124,1c975a0c01d24b99a0790a45cfe7581a,2019-11-07_10-39-42,1573094382,26.908625841140747,6873,miuser-M83,192.168.3.90,26.908625841140747,0,124,c9640c04,123,128,0.466612845659256,0.7146547436714172,-0.466612845659256
0.7159374952316284,0.17952442169189453,False,,,125,1c975a0c01d24b99a0790a45cfe7581a,2019-11-07_10-39-43,1573094383,27.08815026283264,6873,miuser-M83,192.168.3.90,27.08815026283264,0,125,c9640c04,124,128,0.4703543782234192,0.7159374952316284,-0.4703543782234192
0.7169519066810608,0.18634843826293945,False,,,126,1c975a0c01d24b99a0790a45cfe7581a,2019-11-07_10-39-43,1573094383,27.27449870109558,6873,miuser-M83,192.168.3.90,27.27449870109558,0,126,c9640c04,125,128,0.45289111137390137,0.7169519066810608,-0.45289111137390137
0.717765748500824,0.17522883415222168,False,,,127,1c975a0c01d24b99a0790a45cfe7581a,2019-11-07_10-39-43,1573094383,27.449727535247803,6873,miuser-M83,192.168.3.90,27.449727535247803,0,127,c9640c04,126,128,0.4907657504081726,0.717765748500824,-0.4907657504081726
0.71905517578125,0.17782974243164062,False,,,128,1c975a0c01d24b99a0790a45cfe7581a,2019-11-07_10-39-43,1573094383,27.627557277679443,6873,miuser-M83,192.168.3.90,27.627557277679443,0,128,c9640c04,127,128,0.4280478358268738,0.71905517578125,-0.4280478358268738
0.7200217843055725,0.17877435684204102,False,,,129,1c975a0c01d24b99a0790a45cfe7581a,2019-11-07_10-39-43,1573094383,27.806331634521484,6873,miuser-M83,192.168.3.90,27.806331634521484,0,129,c9640c04,128,128,0.5586268901824951,0.7200217843055725,-0.5586268901824951
0.7204927802085876,0.19788527488708496,False,,,130,1c975a0c01d24b99a0790a45cfe7581a,2019-11-07_10-39-44,1573094384,28.00421690940857,6873,miuser-M83,192.168.3.90,28.00421690940857,0,130,c9640c04,129,128,0.6095874309539795,0.7204927802085876,-0.6095874309539795
0.7217318415641785,0.17416095733642578,False,,,131,1c975a0c01d24b99a0790a45cfe7581a,2019-11-07_10-39-44,1573094384,28.178377866744995,6873,miuser-M83,192.168.3.90,28.178377866744995,0,131,c9640c04,130,128,0.3643816113471985,0.7217318415641785,-0.3643816113471985
0.7230705618858337,0.20438122749328613,False,,,132,1c975a0c01d24b99a0790a45cfe7581a,2019-11-07_10-39-44,1573094384,28.38275909423828,6873,miuser-M83,192.168.3.90,28.38275909423828,0,132,c9640c04,131,128,0.3929019570350647,0.7230705618858337,-0.3929019570350647
0.7240366339683533,0.1878664493560791,False,,,133,1c975a0c01d24b99a0790a45cfe7581a,2019-11-07_10-39-44,1573094384,28.57062554359436,6873,miuser-M83,192.168.3.90,28.57062554359436,0,133,c9640c04,132,128,0.4955599009990692,0.7240366339683533,-0.4955599009990692
0.725221574306488,0.17264246940612793,False,,,134,1c975a0c01d24b99a0790a45cfe7581a,2019-11-07_10-39-44,1573094384,28.74326801300049,6873,miuser-M83,192.168.3.90,28.74326801300049,0,134,c9640c04,133,128,0.49325746297836304,0.725221574306488,-0.49325746297836304
0.7263888716697693,0.17433619499206543,False,,,135,1c975a0c01d24b99a0790a45cfe7581a,2019-11-07_10-39-44,1573094384,28.917604207992554,6873,miuser-M83,192.168.3.90,28.917604207992554,0,135,c9640c04,134,128,0.3647780418395996,0.7263888716697693,-0.3647780418395996
0.7275390625,0.195756196975708,False,,,136,1c975a0c01d24b99a0790a45cfe7581a,2019-11-07_10-39-45,1573094385,29.11336040496826,6873,miuser-M83,192.168.3.90,29.11336040496826,0,136,c9640c04,135,128,0.35819685459136963,0.7275390625,-0.35819685459136963
0.7282162308692932,0.18680286407470703,False,,,137,1c975a0c01d24b99a0790a45cfe7581a,2019-11-07_10-39-45,1573094385,29.30016326904297,6873,miuser-M83,192.168.3.90,29.30016326904297,0,137,c9640c04,136,128,0.5376158952713013,0.7282162308692932,-0.5376158952713013
0.7294497489929199,0.17384791374206543,False,,,138,1c975a0c01d24b99a0790a45cfe7581a,2019-11-07_10-39-45,1573094385,29.474011182785034,6873,miuser-M83,192.168.3.90,29.474011182785034,0,138,c9640c04,137,128,0.3025738298892975,0.7294497489929199,-0.3025738298892975
0.7309464812278748,0.16957354545593262,False,,,139,1c975a0c01d24b99a0790a45cfe7581a,2019-11-07_10-39-45,1573094385,29.643584728240967,6873,miuser-M83,192.168.3.90,29.643584728240967,0,139,c9640c04,138,128,0.2660570740699768,0.7309464812278748,-0.2660570740699768
0.7317522168159485,0.17067790031433105,False,,,140,1c975a0c01d24b99a0790a45cfe7581a,2019-11-07_10-39-45,1573094385,29.814262628555298,6873,miuser-M83,192.168.3.90,29.814262628555298,0,140,c9640c04,139,128,0.5048370957374573,0.7317522168159485,-0.5048370957374573
0.732768177986145,0.17946290969848633,False,,,141,1c975a0c01d24b99a0790a45cfe7581a,2019-11-07_10-39-46,1573094386,29.993725538253784,6873,miuser-M83,192.168.3.90,29.993725538253784,0,141,c9640c04,140,128,0.3174506425857544,0.732768177986145,-0.3174506425857544
0.733714759349823,0.16991901397705078,False,,,142,1c975a0c01d24b99a0790a45cfe7581a,2019-11-07_10-39-46,1573094386,30.163644552230835,6873,miuser-M83,192.168.3.90,30.163644552230835,0,142,c9640c04,141,128,0.3498877286911011,0.733714759349823,-0.3498877286911011
0.7345935106277466,0.19328522682189941,False,,,143,1c975a0c01d24b99a0790a45cfe7581a,2019-11-07_10-39-46,1573094386,30.356929779052734,6873,miuser-M83,192.168.3.90,30.356929779052734,0,143,c9640c04,142,128,0.40350714325904846,0.7345935106277466,-0.40350714325904846
0.7358940839767456,0.18083858489990234,False,,,144,1c975a0c01d24b99a0790a45cfe7581a,2019-11-07_10-39-46,1573094386,30.537768363952637,6873,miuser-M83,192.168.3.90,30.537768363952637,0,144,c9640c04,143,128,0.30574581027030945,0.7358940839767456,-0.30574581027030945
0.7369611859321594,0.17406988143920898,False,,,145,1c975a0c01d24b99a0790a45cfe7581a,2019-11-07_10-39-46,1573094386,30.711838245391846,6873,miuser-M83,192.168.3.90,30.711838245391846,0,145,c9640c04,144,128,0.3601720333099365,0.7369611859321594,-0.3601720333099365
0.7375320792198181,0.1695418357849121,False,,,146,1c975a0c01d24b99a0790a45cfe7581a,2019-11-07_10-39-46,1573094386,30.881380081176758,6873,miuser-M83,192.168.3.90,30.881380081176758,0,146,c9640c04,145,128,0.47447842359542847,0.7375320792198181,-0.47447842359542847
0.7386267185211182,0.17357444763183594,False,,,147,1c975a0c01d24b99a0790a45cfe7581a,2019-11-07_10-39-47,1573094387,31.054954528808594,6873,miuser-M83,192.168.3.90,31.054954528808594,0,147,c9640c04,146,128,0.31970736384391785,0.7386267185211182,-0.31970736384391785
0.7393897771835327,0.1726536750793457,False,,,148,1c975a0c01d24b99a0790a45cfe7581a,2019-11-07_10-39-47,1573094387,31.22760820388794,6873,miuser-M83,192.168.3.90,31.22760820388794,0,148,c9640c04,147,128,0.44022518396377563,0.7393897771835327,-0.44022518396377563
0.7404047846794128,0.172590970993042,False,,,149,1c975a0c01d24b99a0790a45cfe7581a,2019-11-07_10-39-47,1573094387,31.40019917488098,6873,miuser-M83,192.168.3.90,31.40019917488098,0,149,c9640c04,148,128,0.3328467011451721,0.7404047846794128,-0.3328467011451721
0.7413541674613953,0.17453241348266602,False,,,150,1c975a0c01d24b99a0790a45cfe7581a,2019-11-07_10-39-47,1573094387,31.574731588363647,6873,miuser-M83,192.168.3.90,31.574731588363647,0,150,c9640c04,149,128,0.3928912281990051,0.7413541674613953,-0.3928912281990051
0.742239236831665,0.1800096035003662,False,,,151,1c975a0c01d24b99a0790a45cfe7581a,2019-11-07_10-39-47,1573094387,31.754741191864014,6873,miuser-M83,192.168.3.90,31.754741191864014,0,151,c9640c04,150,128,0.5016741156578064,0.742239236831665,-0.5016741156578064
0.7433182597160339,0.1764671802520752,False,,,152,1c975a0c01d24b99a0790a45cfe7581a,2019-11-07_10-39-47,1573094387,31.93120837211609,6873,miuser-M83,192.168.3.90,31.93120837211609,0,152,c9640c04,151,128,0.3001655042171478,0.7433182597160339,-0.3001655042171478
0.7442299723625183,0.16779232025146484,False,,,153,1c975a0c01d24b99a0790a45cfe7581a,2019-11-07_10-39-48,1573094388,32.099000692367554,6873,miuser-M83,192.168.3.90,32.099000692367554,0,153,c9640c04,152,128,0.2991431653499603,0.7442299723625183,-0.2991431653499603
0.7451298832893372,0.17525315284729004,False,,,154,1c975a0c01d24b99a0790a45cfe7581a,2019-11-07_10-39-48,1573094388,32.274253845214844,6873,miuser-M83,192.168.3.90,32.274253845214844,0,154,c9640c04,153,128,0.27489036321640015,0.7451298832893372,-0.27489036321640015
0.7462701797485352,0.17469310760498047,False,,,155,1c975a0c01d24b99a0790a45cfe7581a,2019-11-07_10-39-48,1573094388,32.448946952819824,6873,miuser-M83,192.168.3.90,32.448946952819824,0,155,c9640c04,154,128,0.19177690148353577,0.7462701797485352,-0.19177690148353577
0.7475460767745972,0.1743021011352539,False,,,156,1c975a0c01d24b99a0790a45cfe7581a,2019-11-07_10-39-48,1573094388,32.62324905395508,6873,miuser-M83,192.168.3.90,32.62324905395508,0,156,c9640c04,155,128,0.1896110326051712,0.7475460767745972,-0.1896110326051712
0.7487062215805054,0.18095183372497559,False,,,157,1c975a0c01d24b99a0790a45cfe7581a,2019-11-07_10-39-48,1573094388,32.804200887680054,6873,miuser-M83,192.168.3.90,32.804200887680054,0,157,c9640c04,156,128,0.21538962423801422,0.7487062215805054,-0.21538962423801422
0.7497527599334717,0.17560982704162598,False,,,158,1c975a0c01d24b99a0790a45cfe7581a,2019-11-07_10-39-49,1573094389,32.97981071472168,6873,miuser-M83,192.168.3.90,32.97981071472168,0,158,c9640c04,157,128,0.2781238555908203,0.7497527599334717,-0.2781238555908203
0.7509335875511169,0.17233681678771973,False,,,159,1c975a0c01d24b99a0790a45cfe7581a,2019-11-07_10-39-49,1573094389,33.1521475315094,6873,miuser-M83,192.168.3.90,33.1521475315094,0,159,c9640c04,158,128,0.2666977345943451,0.7509335875511169,-0.2666977345943451
0.751416027545929,0.16840577125549316,False,,,160,1c975a0c01d24b99a0790a45cfe7581a,2019-11-07_10-39-49,1573094389,33.32055330276489,6873,miuser-M83,192.168.3.90,33.32055330276489,0,160,c9640c04,159,128,0.5439035892486572,0.751416027545929,-0.5439035892486572
0.7523776888847351,0.1759200096130371,False,,,161,1c975a0c01d24b99a0790a45cfe7581a,2019-11-07_10-39-49,1573094389,33.49647331237793,6873,miuser-M83,192.168.3.90,33.49647331237793,0,161,c9640c04,160,128,0.28315290808677673,0.7523776888847351,-0.28315290808677673
0.7535204291343689,0.17860674858093262,False,,,162,1c975a0c01d24b99a0790a45cfe7581a,2019-11-07_10-39-49,1573094389,33.67508006095886,6873,miuser-M83,192.168.3.90,33.67508006095886,0,162,c9640c04,161,128,0.24056537449359894,0.7535204291343689,-0.24056537449359894
0.7541698813438416,0.17656612396240234,False,,,163,1c975a0c01d24b99a0790a45cfe7581a,2019-11-07_10-39-49,1573094389,33.851646184921265,6873,miuser-M83,192.168.3.90,33.851646184921265,0,163,c9640c04,162,128,0.4940265119075775,0.7541698813438416,-0.4940265119075775
0.7548589706420898,0.16973638534545898,False,,,164,1c975a0c01d24b99a0790a45cfe7581a,2019-11-07_10-39-50,1573094390,34.021382570266724,6873,miuser-M83,192.168.3.90,34.021382570266724,0,164,c9640c04,163,128,0.3693004846572876,0.7548589706420898,-0.3693004846572876
0.7557291388511658,0.1744518280029297,False,,,165,1c975a0c01d24b99a0790a45cfe7581a,2019-11-07_10-39-50,1573094390,34.19583439826965,6873,miuser-M83,192.168.3.90,34.19583439826965,0,165,c9640c04,164,128,0.27468234300613403,0.7557291388511658,-0.27468234300613403
0.756871223449707,0.17424535751342773,False,,,166,1c975a0c01d24b99a0790a45cfe7581a,2019-11-07_10-39-50,1573094390,34.37007975578308,6873,miuser-M83,192.168.3.90,34.37007975578308,0,166,c9640c04,165,128,0.26550087332725525,0.756871223449707,-0.26550087332725525
0.7577189207077026,0.1685941219329834,False,,,167,1c975a0c01d24b99a0790a45cfe7581a,2019-11-07_10-39-50,1573094390,34.538673877716064,6873,miuser-M83,192.168.3.90,34.538673877716064,0,167,c9640c04,166,128,0.3359515368938446,0.7577189207077026,-0.3359515368938446
0.7583240270614624,0.17537927627563477,False,,,168,1c975a0c01d24b99a0790a45cfe7581a,2019-11-07_10-39-50,1573094390,34.7140531539917,6873,miuser-M83,192.168.3.90,34.7140531539917,0,168,c9640c04,167,128,0.42551493644714355,0.7583240270614624,-0.42551493644714355
0.7590606212615967,0.17784619331359863,False,,,169,1c975a0c01d24b99a0790a45cfe7581a,2019-11-07_10-39-50,1573094390,34.8918993473053,6873,miuser-M83,192.168.3.90,34.8918993473053,0,169,c9640c04,168,128,0.3880678415298462,0.7590606212615967,-0.3880678415298462
0.7595128417015076,0.1778273582458496,False,,,170,1c975a0c01d24b99a0790a45cfe7581a,2019-11-07_10-39-51,1573094391,35.06972670555115,6873,miuser-M83,192.168.3.90,35.06972670555115,0,170,c9640c04,169,128,0.49954545497894287,0.7595128417015076,-0.49954545497894287
0.7600054740905762,0.1738433837890625,False,,,171,1c975a0c01d24b99a0790a45cfe7581a,2019-11-07_10-39-51,1573094391,35.24357008934021,6873,miuser-M83,192.168.3.90,35.24357008934021,0,171,c9640c04,170,128,0.37445151805877686,0.7600054740905762,-0.37445151805877686
0.7606286406517029,0.1836106777191162,False,,,172,1c975a0c01d24b99a0790a45cfe7581a,2019-11-07_10-39-51,1573094391,35.427180767059326,6873,miuser-M83,192.168.3.90,35.427180767059326,0,172,c9640c04,171,128,0.5469071269035339,0.7606286406517029,-0.5469071269035339
0.7613348960876465,0.1728219985961914,False,,,173,1c975a0c01d24b99a0790a45cfe7581a,2019-11-07_10-39-51,1573094391,35.60000276565552,6873,miuser-M83,192.168.3.90,35.60000276565552,0,173,c9640c04,172,128,0.46732813119888306,0.7613348960876465,-0.46732813119888306
0.7618983387947083,0.17861628532409668,False,,,174,1c975a0c01d24b99a0790a45cfe7581a,2019-11-07_10-39-51,1573094391,35.778619050979614,6873,miuser-M83,192.168.3.90,35.778619050979614,0,174,c9640c04,173,128,0.4043673574924469,0.7618983387947083,-0.4043673574924469
0.7626785635948181,0.1734457015991211,False,,,175,1c975a0c01d24b99a0790a45cfe7581a,2019-11-07_10-39-52,1573094392,35.952064752578735,6873,miuser-M83,192.168.3.90,35.952064752578735,0,175,c9640c04,174,128,0.28793203830718994,0.7626785635948181,-0.28793203830718994
0.7636274695396423,0.1743927001953125,False,,,176,1c975a0c01d24b99a0790a45cfe7581a,2019-11-07_10-39-52,1573094392,36.12645745277405,6873,miuser-M83,192.168.3.90,36.12645745277405,0,176,c9640c04,175,128,0.31634756922721863,0.7636274695396423,-0.31634756922721863
0.7642125487327576,0.1680924892425537,False,,,177,1c975a0c01d24b99a0790a45cfe7581a,2019-11-07_10-39-52,1573094392,36.2945499420166,6873,miuser-M83,192.168.3.90,36.2945499420166,0,177,c9640c04,176,128,0.3661719262599945,0.7642125487327576,-0.3661719262599945
0.7650544047355652,0.1712799072265625,False,,,178,1c975a0c01d24b99a0790a45cfe7581a,2019-11-07_10-39-52,1573094392,36.465829849243164,6873,miuser-M83,192.168.3.90,36.465829849243164,0,178,c9640c04,177,128,0.2584910988807678,0.7650544047355652,-0.2584910988807678
0.7655813694000244,0.17000031471252441,False,,,179,1c975a0c01d24b99a0790a45cfe7581a,2019-11-07_10-39-52,1573094392,36.63583016395569,6873,miuser-M83,192.168.3.90,36.63583016395569,0,179,c9640c04,178,128,0.3997993767261505,0.7655813694000244,-0.3997993767261505
0.7664496302604675,0.17750215530395508,False,,,180,1c975a0c01d24b99a0790a45cfe7581a,2019-11-07_10-39-52,1573094392,36.813332319259644,6873,miuser-M83,192.168.3.90,36.813332319259644,0,180,c9640c04,179,128,0.3054531216621399,0.7664496302604675,-0.3054531216621399
0.7669199109077454,0.17423653602600098,False,,,181,1c975a0c01d24b99a0790a45cfe7581a,2019-11-07_10-39-53,1573094393,36.987568855285645,6873,miuser-M83,192.168.3.90,36.987568855285645,0,181,c9640c04,180,128,0.4710002541542053,0.7669199109077454,-0.4710002541542053
0.7676854133605957,0.17513442039489746,False,,,182,1c975a0c01d24b99a0790a45cfe7581a,2019-11-07_10-39-53,1573094393,37.16270327568054,6873,miuser-M83,192.168.3.90,37.16270327568054,0,182,c9640c04,181,128,0.29949963092803955,0.7676854133605957,-0.29949963092803955
0.7684853076934814,0.1760871410369873,False,,,183,1c975a0c01d24b99a0790a45cfe7581a,2019-11-07_10-39-53,1573094393,37.33879041671753,6873,miuser-M83,192.168.3.90,37.33879041671753,0,183,c9640c04,182,128,0.28350839018821716,0.7684853076934814,-0.28350839018821716
0.7692340612411499,0.18356704711914062,False,,,184,1c975a0c01d24b99a0790a45cfe7581a,2019-11-07_10-39-53,1573094393,37.52235746383667,6873,miuser-M83,192.168.3.90,37.52235746383667,0,184,c9640c04,183,128,0.32314062118530273,0.7692340612411499,-0.32314062118530273
0.7700591087341309,0.1637578010559082,False,,,185,1c975a0c01d24b99a0790a45cfe7581a,2019-11-07_10-39-53,1573094393,37.68611526489258,6873,miuser-M83,192.168.3.90,37.68611526489258,0,185,c9640c04,184,128,0.23528727889060974,0.7700591087341309,-0.23528727889060974
0.7707913517951965,0.17559146881103516,False,,,186,1c975a0c01d24b99a0790a45cfe7581a,2019-11-07_10-39-53,1573094393,37.86170673370361,6873,miuser-M83,192.168.3.90,37.86170673370361,0,186,c9640c04,185,128,0.32824617624282837,0.7707913517951965,-0.32824617624282837
0.7714321613311768,0.17746996879577637,False,,,187,1c975a0c01d24b99a0790a45cfe7581a,2019-11-07_10-39-54,1573094394,38.03917670249939,6873,miuser-M83,192.168.3.90,38.03917670249939,0,187,c9640c04,186,128,0.30247098207473755,0.7714321613311768,-0.30247098207473755
0.7717752456665039,0.17072606086730957,False,,,188,1c975a0c01d24b99a0790a45cfe7581a,2019-11-07_10-39-54,1573094394,38.2099027633667,6873,miuser-M83,192.168.3.90,38.2099027633667,0,188,c9640c04,187,128,0.48210740089416504,0.7717752456665039,-0.48210740089416504
0.7723214030265808,0.1777055263519287,False,,,189,1c975a0c01d24b99a0790a45cfe7581a,2019-11-07_10-39-54,1573094394,38.38760828971863,6873,miuser-M83,192.168.3.90,38.38760828971863,0,189,c9640c04,188,128,0.37029749155044556,0.7723214030265808,-0.37029749155044556
0.7728207111358643,0.1723785400390625,False,,,190,1c975a0c01d24b99a0790a45cfe7581a,2019-11-07_10-39-54,1573094394,38.55998682975769,6873,miuser-M83,192.168.3.90,38.55998682975769,0,190,c9640c04,189,128,0.40821895003318787,0.7728207111358643,-0.40821895003318787
0.7734375,0.1753830909729004,False,,,191,1c975a0c01d24b99a0790a45cfe7581a,2019-11-07_10-39-54,1573094394,38.73536992073059,6873,miuser-M83,192.168.3.90,38.73536992073059,0,191,c9640c04,190,128,0.3385107219219208,0.7734375,-0.3385107219219208
0.7742512822151184,0.1802210807800293,False,,,192,1c975a0c01d24b99a0790a45cfe7581a,2019-11-07_10-39-54,1573094394,38.91559100151062,6873,miuser-M83,192.168.3.90,38.91559100151062,0,192,c9640c04,191,128,0.26125970482826233,0.7742512822151184,-0.26125970482826233
0.7750566601753235,0.17224764823913574,False,,,193,1c975a0c01d24b99a0790a45cfe7581a,2019-11-07_10-39-55,1573094395,39.087838649749756,6873,miuser-M83,192.168.3.90,39.087838649749756,0,193,c9640c04,192,128,0.27799099683761597,0.7750566601753235,-0.27799099683761597
0.7756524085998535,0.1752607822418213,False,,,194,1c975a0c01d24b99a0790a45cfe7581a,2019-11-07_10-39-55,1573094395,39.26309943199158,6873,miuser-M83,192.168.3.90,39.26309943199158,0,194,c9640c04,193,128,0.46153339743614197,0.7756524085998535,-0.46153339743614197
0.776442289352417,0.17281699180603027,False,,,195,1c975a0c01d24b99a0790a45cfe7581a,2019-11-07_10-39-55,1573094395,39.43591642379761,6873,miuser-M83,192.168.3.90,39.43591642379761,0,195,c9640c04,194,128,0.19546079635620117,0.776442289352417,-0.19546079635620117
0.77734375,0.17163348197937012,False,,,196,1c975a0c01d24b99a0790a45cfe7581a,2019-11-07_10-39-55,1573094395,39.60754990577698,6873,miuser-M83,192.168.3.90,39.60754990577698,0,196,c9640c04,195,128,0.2585727274417877,0.77734375,-0.2585727274417877
0.7780377268791199,0.17922377586364746,False,,,197,1c975a0c01d24b99a0790a45cfe7581a,2019-11-07_10-39-55,1573094395,39.786773681640625,6873,miuser-M83,192.168.3.90,39.786773681640625,0,197,c9640c04,196,128,0.3618246614933014,0.7780377268791199,-0.3618246614933014
0.7786852717399597,0.17134666442871094,False,,,198,1c975a0c01d24b99a0790a45cfe7581a,2019-11-07_10-39-56,1573094396,39.958120346069336,6873,miuser-M83,192.168.3.90,39.958120346069336,0,198,c9640c04,197,128,0.28029221296310425,0.7786852717399597,-0.28029221296310425
0.779365599155426,0.1700725555419922,False,,,199,1c975a0c01d24b99a0790a45cfe7581a,2019-11-07_10-39-56,1573094396,40.12819290161133,6873,miuser-M83,192.168.3.90,40.12819290161133,0,199,c9640c04,198,128,0.28917819261550903,0.779365599155426,-0.28917819261550903
0.7798437476158142,0.174757719039917,False,,,200,1c975a0c01d24b99a0790a45cfe7581a,2019-11-07_10-39-56,1573094396,40.302950620651245,6873,miuser-M83,192.168.3.90,40.302950620651245,0,200,c9640c04,199,128,0.3112088441848755,0.7798437476158142,-0.3112088441848755
0.7806670069694519,0.19350099563598633,False,,,201,1c975a0c01d24b99a0790a45cfe7581a,2019-11-07_10-39-56,1573094396,40.49645161628723,6873,miuser-M83,192.168.3.90,40.49645161628723,0,201,c9640c04,200,128,0.27524787187576294,0.7806670069694519,-0.27524787187576294
0.7813273668289185,0.17817044258117676,False,,,202,1c975a0c01d24b99a0790a45cfe7581a,2019-11-07_10-39-56,1573094396,40.67462205886841,6873,miuser-M83,192.168.3.90,40.67462205886841,0,202,c9640c04,201,128,0.3152729570865631,0.7813273668289185,-0.3152729570865631
0.7818272709846497,0.1769580841064453,False,,,203,1c975a0c01d24b99a0790a45cfe7581a,2019-11-07_10-39-56,1573094396,40.85158014297485,6873,miuser-M83,192.168.3.90,40.85158014297485,0,203,c9640c04,202,128,0.39187678694725037,0.7818272709846497,-0.39187678694725037
0.7823988795280457,0.1736135482788086,False,,,204,1c975a0c01d24b99a0790a45cfe7581a,2019-11-07_10-39-57,1573094397,41.02519369125366,6873,miuser-M83,192.168.3.90,41.02519369125366,0,204,c9640c04,203,128,0.4166538417339325,0.7823988795280457,-0.4166538417339325
0.7829268574714661,0.1716926097869873,False,,,205,1c975a0c01d24b99a0790a45cfe7581a,2019-11-07_10-39-57,1573094397,41.19688630104065,6873,miuser-M83,192.168.3.90,41.19688630104065,0,205,c9640c04,204,128,0.3107021152973175,0.7829268574714661,-0.3107021152973175
0.7835254669189453,0.1738293170928955,False,,,206,1c975a0c01d24b99a0790a45cfe7581a,2019-11-07_10-39-57,1573094397,41.370715618133545,6873,miuser-M83,192.168.3.90,41.370715618133545,0,206,c9640c04,205,128,0.2990470230579376,0.7835254669189453,-0.2990470230579376
0.7841938138008118,0.17865204811096191,False,,,207,1c975a0c01d24b99a0790a45cfe7581a,2019-11-07_10-39-57,1573094397,41.54936766624451,6873,miuser-M83,192.168.3.90,41.54936766624451,0,207,c9640c04,206,128,0.2703624963760376,0.7841938138008118,-0.2703624963760376
0.7847055196762085,0.16818737983703613,False,,,208,1c975a0c01d24b99a0790a45cfe7581a,2019-11-07_10-39-57,1573094397,41.71755504608154,6873,miuser-M83,192.168.3.90,41.71755504608154,0,208,c9640c04,207,128,0.3014940023422241,0.7847055196762085,-0.3014940023422241
0.7851749658584595,0.1765913963317871,False,,,209,1c975a0c01d24b99a0790a45cfe7581a,2019-11-07_10-39-57,1573094397,41.89414644241333,6873,miuser-M83,192.168.3.90,41.89414644241333,0,209,c9640c04,208,128,0.3064647316932678,0.7851749658584595,-0.3064647316932678
0.7857887148857117,0.16948986053466797,False,,,210,1c975a0c01d24b99a0790a45cfe7581a,2019-11-07_10-39-58,1573094398,42.063636302948,6873,miuser-M83,192.168.3.90,42.063636302948,0,210,c9640c04,209,128,0.31871819496154785,0.7857887148857117,-0.31871819496154785
0.7863596081733704,0.17006325721740723,False,,,211,1c975a0c01d24b99a0790a45cfe7581a,2019-11-07_10-39-58,1573094398,42.233699560165405,6873,miuser-M83,192.168.3.90,42.233699560165405,0,211,c9640c04,210,128,0.3699454367160797,0.7863596081733704,-0.3699454367160797
0.7869988083839417,0.17580103874206543,False,,,212,1c975a0c01d24b99a0790a45cfe7581a,2019-11-07_10-39-58,1573094398,42.40950059890747,6873,miuser-M83,192.168.3.90,42.40950059890747,0,212,c9640c04,211,128,0.34611740708351135,0.7869988083839417,-0.34611740708351135
0.7876687049865723,0.17370247840881348,False,,,213,1c975a0c01d24b99a0790a45cfe7581a,2019-11-07_10-39-58,1573094398,42.583203077316284,6873,miuser-M83,192.168.3.90,42.583203077316284,0,213,c9640c04,212,128,0.2500377595424652,0.7876687049865723,-0.2500377595424652
0.7881498336791992,0.17919683456420898,False,,,214,1c975a0c01d24b99a0790a45cfe7581a,2019-11-07_10-39-58,1573094398,42.76239991188049,6873,miuser-M83,192.168.3.90,42.76239991188049,0,214,c9640c04,213,128,0.4274705946445465,0.7881498336791992,-0.4274705946445465
0.7888081669807434,0.17475318908691406,False,,,215,1c975a0c01d24b99a0790a45cfe7581a,2019-11-07_10-39-58,1573094398,42.93715310096741,6873,miuser-M83,192.168.3.90,42.93715310096741,0,215,c9640c04,214,128,0.24908390641212463,0.7888081669807434,-0.24908390641212463
0.7893880009651184,0.16533589363098145,False,,,216,1c975a0c01d24b99a0790a45cfe7581a,2019-11-07_10-39-59,1573094399,43.10248899459839,6873,miuser-M83,192.168.3.90,43.10248899459839,0,216,c9640c04,215,128,0.22850322723388672,0.7893880009651184,-0.22850322723388672
0.7899625301361084,0.1786050796508789,False,,,217,1c975a0c01d24b99a0790a45cfe7581a,2019-11-07_10-39-59,1573094399,43.28109407424927,6873,miuser-M83,192.168.3.90,43.28109407424927,0,217,c9640c04,216,128,0.2994649112224579,0.7899625301361084,-0.2994649112224579
0.7904601693153381,0.1729884147644043,False,,,218,1c975a0c01d24b99a0790a45cfe7581a,2019-11-07_10-39-59,1573094399,43.45408248901367,6873,miuser-M83,192.168.3.90,43.45408248901367,0,218,c9640c04,217,128,0.37996745109558105,0.7904601693153381,-0.37996745109558105
0.7909175157546997,0.17039990425109863,False,,,219,1c975a0c01d24b99a0790a45cfe7581a,2019-11-07_10-39-59,1573094399,43.62448239326477,6873,miuser-M83,192.168.3.90,43.62448239326477,0,219,c9640c04,218,128,0.4022684097290039,0.7909175157546997,-0.4022684097290039
0.7913707494735718,0.18506908416748047,False,,,220,1c975a0c01d24b99a0790a45cfe7581a,2019-11-07_10-39-59,1573094399,43.80955147743225,6873,miuser-M83,192.168.3.90,43.80955147743225,0,220,c9640c04,219,128,0.37065523862838745,0.7913707494735718,-0.37065523862838745
0.7919259071350098,0.17209672927856445,False,,,221,1c975a0c01d24b99a0790a45cfe7581a,2019-11-07_10-40-00,1573094400,43.981648206710815,6873,miuser-M83,192.168.3.90,43.981648206710815,0,221,c9640c04,220,128,0.3145979046821594,0.7919259071350098,-0.3145979046821594
0.7923704981803894,0.17671918869018555,False,,,222,1c975a0c01d24b99a0790a45cfe7581a,2019-11-07_10-40-00,1573094400,44.158367395401,6873,miuser-M83,192.168.3.90,44.158367395401,0,222,c9640c04,221,128,0.39808398485183716,0.7923704981803894,-0.39808398485183716
0.7929161787033081,0.17412781715393066,False,,,223,1c975a0c01d24b99a0790a45cfe7581a,2019-11-07_10-40-00,1573094400,44.33249521255493,6873,miuser-M83,192.168.3.90,44.33249521255493,0,223,c9640c04,222,128,0.2654447555541992,0.7929161787033081,-0.2654447555541992
0.7934221625328064,0.17662286758422852,False,,,224,1c975a0c01d24b99a0790a45cfe7581a,2019-11-07_10-40-00,1573094400,44.50911808013916,6873,miuser-M83,192.168.3.90,44.50911808013916,0,224,c9640c04,223,128,0.2559967637062073,0.7934221625328064,-0.2559967637062073
0.7939930558204651,0.17563438415527344,False,,,225,1c975a0c01d24b99a0790a45cfe7581a,2019-11-07_10-40-00,1573094400,44.684752464294434,6873,miuser-M83,192.168.3.90,44.684752464294434,0,225,c9640c04,224,128,0.22192257642745972,0.7939930558204651,-0.22192257642745972
0.7945934534072876,0.17615365982055664,False,,,226,1c975a0c01d24b99a0790a45cfe7581a,2019-11-07_10-40-00,1573094400,44.86090612411499,6873,miuser-M83,192.168.3.90,44.86090612411499,0,226,c9640c04,225,128,0.19061599671840668,0.7945934534072876,-0.19061599671840668
0.7952229976654053,0.17554903030395508,False,,,227,1c975a0c01d24b99a0790a45cfe7581a,2019-11-07_10-40-01,1573094401,45.036455154418945,6873,miuser-M83,192.168.3.90,45.036455154418945,0,227,c9640c04,226,128,0.18545660376548767,0.7952229976654053,-0.18545660376548767
0.7958813309669495,0.1739206314086914,False,,,228,1c975a0c01d24b99a0790a45cfe7581a,2019-11-07_10-40-01,1573094401,45.21037578582764,6873,miuser-M83,192.168.3.90,45.21037578582764,0,228,c9640c04,227,128,0.17767520248889923,0.7958813309669495,-0.17767520248889923
0.7961585521697998,0.17584562301635742,False,,,229,1c975a0c01d24b99a0790a45cfe7581a,2019-11-07_10-40-01,1573094401,45.386221408843994,6873,miuser-M83,192.168.3.90,45.386221408843994,0,229,c9640c04,228,128,0.48874831199645996,0.7961585521697998,-0.48874831199645996
0.7967391014099121,0.17734861373901367,False,,,230,1c975a0c01d24b99a0790a45cfe7581a,2019-11-07_10-40-01,1573094401,45.56357002258301,6873,miuser-M83,192.168.3.90,45.56357002258301,0,230,c9640c04,229,128,0.32953882217407227,0.7967391014099121,-0.32953882217407227
0.7970778942108154,0.18640899658203125,False,,,231,1c975a0c01d24b99a0790a45cfe7581a,2019-11-07_10-40-01,1573094401,45.74997901916504,6873,miuser-M83,192.168.3.90,45.74997901916504,0,231,c9640c04,230,128,0.5177881717681885,0.7970778942108154,-0.5177881717681885
0.7977505326271057,0.16738319396972656,False,,,232,1c975a0c01d24b99a0790a45cfe7581a,2019-11-07_10-40-01,1573094401,45.917362213134766,6873,miuser-M83,192.168.3.90,45.917362213134766,0,232,c9640c04,231,128,0.13960126042366028,0.7977505326271057,-0.13960126042366028
0.7982162237167358,0.16835641860961914,False,,,233,1c975a0c01d24b99a0790a45cfe7581a,2019-11-07_10-40-02,1573094402,46.085718631744385,6873,miuser-M83,192.168.3.90,46.085718631744385,0,233,c9640c04,232,128,0.29275891184806824,0.7982162237167358,-0.29275891184806824
0.7988448143005371,0.17563962936401367,False,,,234,1c975a0c01d24b99a0790a45cfe7581a,2019-11-07_10-40-02,1573094402,46.2613582611084,6873,miuser-M83,192.168.3.90,46.2613582611084,0,234,c9640c04,233,128,0.28431904315948486,0.7988448143005371,-0.28431904315948486
0.7992686033248901,0.17055630683898926,False,,,235,1c975a0c01d24b99a0790a45cfe7581a,2019-11-07_10-40-02,1573094402,46.43191456794739,6873,miuser-M83,192.168.3.90,46.43191456794739,0,235,c9640c04,234,128,0.25650450587272644,0.7992686033248901,-0.25650450587272644
0.7997550368309021,0.17566633224487305,False,,,236,1c975a0c01d24b99a0790a45cfe7581a,2019-11-07_10-40-02,1573094402,46.60758090019226,6873,miuser-M83,192.168.3.90,46.60758090019226,0,236,c9640c04,235,128,0.36603254079818726,0.7997550368309021,-0.36603254079818726
0.8003362417221069,0.17472529411315918,False,,,237,1c975a0c01d24b99a0790a45cfe7581a,2019-11-07_10-40-02,1573094402,46.78230619430542,6873,miuser-M83,192.168.3.90,46.78230619430542,0,237,c9640c04,236,128,0.2895422577857971,0.8003362417221069,-0.2895422577857971
0.8006170988082886,0.1711418628692627,False,,,238,1c975a0c01d24b99a0790a45cfe7581a,2019-11-07_10-40-03,1573094403,46.95344805717468,6873,miuser-M83,192.168.3.90,46.95344805717468,0,238,c9640c04,237,128,0.36187487840652466,0.8006170988082886,-0.36187487840652466
0.8010917901992798,0.1803276538848877,False,,,239,1c975a0c01d24b99a0790a45cfe7581a,2019-11-07_10-40-03,1573094403,47.13377571105957,6873,miuser-M83,192.168.3.90,47.13377571105957,0,239,c9640c04,238,128,0.2753620743751526,0.8010917901992798,-0.2753620743751526
0.8014323115348816,0.18359661102294922,False,,,240,1c975a0c01d24b99a0790a45cfe7581a,2019-11-07_10-40-03,1573094403,47.31737232208252,6873,miuser-M83,192.168.3.90,47.31737232208252,0,240,c9640c04,239,128,0.40441110730171204,0.8014323115348816,-0.40441110730171204
0.8020293116569519,0.17433953285217285,False,,,241,1c975a0c01d24b99a0790a45cfe7581a,2019-11-07_10-40-03,1573094403,47.49171185493469,6873,miuser-M83,192.168.3.90,47.49171185493469,0,241,c9640c04,240,128,0.19405725598335266,0.8020293116569519,-0.19405725598335266
0.8025245070457458,0.1769578456878662,False,,,242,1c975a0c01d24b99a0790a45cfe7581a,2019-11-07_10-40-03,1573094403,47.66866970062256,6873,miuser-M83,192.168.3.90,47.66866970062256,0,242,c9640c04,241,128,0.26584136486053467,0.8025245070457458,-0.26584136486053467
0.8031121492385864,0.17708706855773926,False,,,243,1c975a0c01d24b99a0790a45cfe7581a,2019-11-07_10-40-03,1573094403,47.8457567691803,6873,miuser-M83,192.168.3.90,47.8457567691803,0,243,c9640c04,242,128,0.17230859398841858,0.8031121492385864,-0.17230859398841858
0.8034387826919556,0.16895627975463867,False,,,244,1c975a0c01d24b99a0790a45cfe7581a,2019-11-07_10-40-04,1573094404,48.01471304893494,6873,miuser-M83,192.168.3.90,48.01471304893494,0,244,c9640c04,243,128,0.37383589148521423,0.8034387826919556,-0.37383589148521423
0.8040816187858582,0.17029118537902832,False,,,245,1c975a0c01d24b99a0790a45cfe7581a,2019-11-07_10-40-04,1573094404,48.185004234313965,6873,miuser-M83,192.168.3.90,48.185004234313965,0,245,c9640c04,244,128,0.19277024269104004,0.8040816187858582,-0.19277024269104004
0.8044651746749878,0.17497849464416504,False,,,246,1c975a0c01d24b99a0790a45cfe7581a,2019-11-07_10-40-04,1573094404,48.35998272895813,6873,miuser-M83,192.168.3.90,48.35998272895813,0,246,c9640c04,245,128,0.3202492296695709,0.8044651746749878,-0.3202492296695709
0.8047507405281067,0.1768968105316162,False,,,247,1c975a0c01d24b99a0790a45cfe7581a,2019-11-07_10-40-04,1573094404,48.536879539489746,6873,miuser-M83,192.168.3.90,48.536879539489746,0,247,c9640c04,246,128,0.43047451972961426,0.8047507405281067,-0.43047451972961426
0.8051915168762207,0.16600394248962402,False,,,248,1c975a0c01d24b99a0790a45cfe7581a,2019-11-07_10-40-04,1573094404,48.70288348197937,6873,miuser-M83,192.168.3.90,48.70288348197937,0,248,c9640c04,247,128,0.2938007116317749,0.8051915168762207,-0.2938007116317749
0.8055973649024963,0.17530322074890137,False,,,249,1c975a0c01d24b99a0790a45cfe7581a,2019-11-07_10-40-04,1573094404,48.87818670272827,6873,miuser-M83,192.168.3.90,48.87818670272827,0,249,c9640c04,248,128,0.269929438829422,0.8055973649024963,-0.269929438829422
0.8062187433242798,0.1783900260925293,False,,,250,1c975a0c01d24b99a0790a45cfe7581a,2019-11-07_10-40-05,1573094405,49.0565767288208,6873,miuser-M83,192.168.3.90,49.0565767288208,0,250,c9640c04,249,128,0.1589415967464447,0.8062187433242798,-0.1589415967464447
0.806617259979248,0.1778249740600586,False,,,251,1c975a0c01d24b99a0790a45cfe7581a,2019-11-07_10-40-05,1573094405,49.23440170288086,6873,miuser-M83,192.168.3.90,49.23440170288086,0,251,c9640c04,250,128,0.2593337893486023,0.806617259979248,-0.2593337893486023
0.8070746660232544,0.16857337951660156,False,,,252,1c975a0c01d24b99a0790a45cfe7581a,2019-11-07_10-40-05,1573094405,49.40297508239746,6873,miuser-M83,192.168.3.90,49.40297508239746,0,252,c9640c04,251,128,0.26695507764816284,0.8070746660232544,-0.26695507764816284
0.8073740005493164,0.17590713500976562,False,,,253,1c975a0c01d24b99a0790a45cfe7581a,2019-11-07_10-40-05,1573094405,49.57888221740723,6873,miuser-M83,192.168.3.90,49.57888221740723,0,253,c9640c04,252,128,0.37768977880477905,0.8073740005493164,-0.37768977880477905
0.8075787425041199,0.1750800609588623,False,,,254,1c975a0c01d24b99a0790a45cfe7581a,2019-11-07_10-40-05,1573094405,49.75396227836609,6873,miuser-M83,192.168.3.90,49.75396227836609,0,254,c9640c04,253,128,0.44200193881988525,0.8075787425041199,-0.44200193881988525
0.8081188797950745,0.17673921585083008,False,,,255,1c975a0c01d24b99a0790a45cfe7581a,2019-11-07_10-40-05,1573094405,49.93070149421692,6873,miuser-M83,192.168.3.90,49.93070149421692,0,255,c9640c04,254,128,0.2331693321466446,0.8081188797950745,-0.2331693321466446
0.808197021484375,0.1726076602935791,False,,,256,1c975a0c01d24b99a0790a45cfe7581a,2019-11-07_10-40-06,1573094406,50.1033091545105,6873,miuser-M83,192.168.3.90,50.1033091545105,0,256,c9640c04,255,128,0.3861828148365021,0.808197021484375,-0.3861828148365021
0.8087001442909241,0.17794179916381836,False,,,257,1c975a0c01d24b99a0790a45cfe7581a,2019-11-07_10-40-06,1573094406,50.281250953674316,6873,miuser-M83,192.168.3.90,50.281250953674316,0,257,c9640c04,256,128,0.21007674932479858,0.8087001442909241,-0.21007674932479858
0.8089268207550049,0.17531657218933105,False,,,258,1c975a0c01d24b99a0790a45cfe7581a,2019-11-07_10-40-06,1573094406,50.45656752586365,6873,miuser-M83,192.168.3.90,50.45656752586365,0,258,c9640c04,257,128,0.2835262715816498,0.8089268207550049,-0.2835262715816498
0.8094232678413391,0.1930103302001953,False,,,259,1c975a0c01d24b99a0790a45cfe7581a,2019-11-07_10-40-06,1573094406,50.64957785606384,6873,miuser-M83,192.168.3.90,50.64957785606384,0,259,c9640c04,258,128,0.20270144939422607,0.8094232678413391,-0.20270144939422607
0.8099759817123413,0.186997652053833,False,,,260,1c975a0c01d24b99a0790a45cfe7581a,2019-11-07_10-40-06,1573094406,50.836575508117676,6873,miuser-M83,192.168.3.90,50.836575508117676,0,260,c9640c04,259,128,0.29025742411613464,0.8099759817123413,-0.29025742411613464
0.8105543851852417,0.17285394668579102,False,,,261,1c975a0c01d24b99a0790a45cfe7581a,2019-11-07_10-40-07,1573094407,51.00942945480347,6873,miuser-M83,192.168.3.90,51.00942945480347,0,261,c9640c04,260,128,0.15532828867435455,0.8105543851852417,-0.15532828867435455
0.8109792470932007,0.17638039588928223,False,,,262,1c975a0c01d24b99a0790a45cfe7581a,2019-11-07_10-40-07,1573094407,51.18580985069275,6873,miuser-M83,192.168.3.90,51.18580985069275,0,262,c9640c04,261,128,0.28725898265838623,0.8109792470932007,-0.28725898265838623
0.8114008903503418,0.17284178733825684,False,,,263,1c975a0c01d24b99a0790a45cfe7581a,2019-11-07_10-40-07,1573094407,51.358651638031006,6873,miuser-M83,192.168.3.90,51.358651638031006,0,263,c9640c04,262,128,0.27580487728118896,0.8114008903503418,-0.27580487728118896
0.8118489384651184,0.1681969165802002,False,,,264,1c975a0c01d24b99a0790a45cfe7581a,2019-11-07_10-40-07,1573094407,51.526848554611206,6873,miuser-M83,192.168.3.90,51.526848554611206,0,264,c9640c04,263,128,0.23390358686447144,0.8118489384651184,-0.23390358686447144
0.8120282888412476,0.1883552074432373,False,,,265,1c975a0c01d24b99a0790a45cfe7581a,2019-11-07_10-40-07,1573094407,51.71520376205444,6873,miuser-M83,192.168.3.90,51.71520376205444,0,265,c9640c04,264,128,0.41328689455986023,0.8120282888412476,-0.41328689455986023
0.8122650384902954,0.1950676441192627,False,,,266,1c975a0c01d24b99a0790a45cfe7581a,2019-11-07_10-40-07,1573094407,51.910271406173706,6873,miuser-M83,192.168.3.90,51.910271406173706,0,266,c9640c04,265,128,0.35656189918518066,0.8122650384902954,-0.35656189918518066
0.8125292658805847,0.1736905574798584,False,,,267,1c975a0c01d24b99a0790a45cfe7581a,2019-11-07_10-40-08,1573094408,52.083961963653564,6873,miuser-M83,192.168.3.90,52.083961963653564,0,267,c9640c04,266,128,0.37139132618904114,0.8125292658805847,-0.37139132618904114
0.8129372596740723,0.17433834075927734,False,,,268,1c975a0c01d24b99a0790a45cfe7581a,2019-11-07_10-40-08,1573094408,52.25830030441284,6873,miuser-M83,192.168.3.90,52.25830030441284,0,268,c9640c04,267,128,0.2344714105129242,0.8129372596740723,-0.2344714105129242
0.8132551312446594,0.17400121688842773,False,,,269,1c975a0c01d24b99a0790a45cfe7581a,2019-11-07_10-40-08,1573094408,52.43230152130127,6873,miuser-M83,192.168.3.90,52.43230152130127,0,269,c9640c04,268,128,0.3456917405128479,0.8132551312446594,-0.3456917405128479
0.8135706186294556,0.17967796325683594,False,,,270,1c975a0c01d24b99a0790a45cfe7581a,2019-11-07_10-40-08,1573094408,52.611979484558105,6873,miuser-M83,192.168.3.90,52.611979484558105,0,270,c9640c04,269,128,0.31929343938827515,0.8135706186294556,-0.31929343938827515
0.8139990568161011,0.17309904098510742,False,,,271,1c975a0c01d24b99a0790a45cfe7581a,2019-11-07_10-40-08,1573094408,52.78507852554321,6873,miuser-M83,192.168.3.90,52.78507852554321,0,271,c9640c04,270,128,0.16996747255325317,0.8139990568161011,-0.16996747255325317
0.8142233490943909,0.17031407356262207,False,,,272,1c975a0c01d24b99a0790a45cfe7581a,2019-11-07_10-40-09,1573094409,52.955392599105835,6873,miuser-M83,192.168.3.90,52.955392599105835,0,272,c9640c04,271,128,0.4141906201839447,0.8142233490943909,-0.4141906201839447
0.8147035241127014,0.17180991172790527,False,,,273,1c975a0c01d24b99a0790a45cfe7581a,2019-11-07_10-40-09,1573094409,53.12720251083374,6873,miuser-M83,192.168.3.90,53.12720251083374,0,273,c9640c04,272,128,0.18373394012451172,0.8147035241127014,-0.18373394012451172
0.8151516914367676,0.17626690864562988,False,,,274,1c975a0c01d24b99a0790a45cfe7581a,2019-11-07_10-40-09,1573094409,53.30346941947937,6873,miuser-M83,192.168.3.90,53.30346941947937,0,274,c9640c04,273,128,0.27858203649520874,0.8151516914367676,-0.27858203649520874
0.815568208694458,0.1726233959197998,False,,,275,1c975a0c01d24b99a0790a45cfe7581a,2019-11-07_10-40-09,1573094409,53.47609281539917,6873,miuser-M83,192.168.3.90,53.47609281539917,0,275,c9640c04,274,128,0.2799381911754608,0.815568208694458,-0.2799381911754608
0.8158401250839233,0.1756134033203125,False,,,276,1c975a0c01d24b99a0790a45cfe7581a,2019-11-07_10-40-09,1573094409,53.65170621871948,6873,miuser-M83,192.168.3.90,53.65170621871948,0,276,c9640c04,275,128,0.4432799220085144,0.8158401250839233,-0.4432799220085144
0.8162510991096497,0.18769550323486328,False,,,277,1c975a0c01d24b99a0790a45cfe7581a,2019-11-07_10-40-09,1573094409,53.839401721954346,6873,miuser-M83,192.168.3.90,53.839401721954346,0,277,c9640c04,276,128,0.20910906791687012,0.8162510991096497,-0.20910906791687012
0.8165467381477356,0.18114352226257324,False,,,278,1c975a0c01d24b99a0790a45cfe7581a,2019-11-07_10-40-10,1573094410,54.02054524421692,6873,miuser-M83,192.168.3.90,54.02054524421692,0,278,c9640c04,277,128,0.2538325786590576,0.8165467381477356,-0.2538325786590576
0.8168962597846985,0.1778106689453125,False,,,279,1c975a0c01d24b99a0790a45cfe7581a,2019-11-07_10-40-10,1573094410,54.19835591316223,6873,miuser-M83,192.168.3.90,54.19835591316223,0,279,c9640c04,278,128,0.2747507691383362,0.8168962597846985,-0.2747507691383362
0.8171316981315613,0.18033909797668457,False,,,280,1c975a0c01d24b99a0790a45cfe7581a,2019-11-07_10-40-10,1573094410,54.378695011138916,6873,miuser-M83,192.168.3.90,54.378695011138916,0,280,c9640c04,279,128,0.3892385959625244,0.8171316981315613,-0.3892385959625244
0.8173932433128357,0.17341923713684082,False,,,281,1c975a0c01d24b99a0790a45cfe7581a,2019-11-07_10-40-10,1573094410,54.55211424827576,6873,miuser-M83,192.168.3.90,54.55211424827576,0,281,c9640c04,280,128,0.3192630410194397,0.8173932433128357,-0.3192630410194397
0.8177637457847595,0.18685102462768555,False,,,282,1c975a0c01d24b99a0790a45cfe7581a,2019-11-07_10-40-10,1573094410,54.73896527290344,6873,miuser-M83,192.168.3.90,54.73896527290344,0,282,c9640c04,281,128,0.3376203179359436,0.8177637457847595,-0.3376203179359436
0.818352460861206,0.17717528343200684,False,,,283,1c975a0c01d24b99a0790a45cfe7581a,2019-11-07_10-40-10,1573094410,54.91614055633545,6873,miuser-M83,192.168.3.90,54.91614055633545,0,283,c9640c04,282,128,0.11120907962322235,0.818352460861206,-0.11120907962322235
0.8186344504356384,0.16919589042663574,False,,,284,1c975a0c01d24b99a0790a45cfe7581a,2019-11-07_10-40-11,1573094411,55.085336446762085,6873,miuser-M83,192.168.3.90,55.085336446762085,0,284,c9640c04,283,128,0.29233741760253906,0.8186344504356384,-0.29233741760253906
0.8189144730567932,0.18015646934509277,False,,,285,1c975a0c01d24b99a0790a45cfe7581a,2019-11-07_10-40-11,1573094411,55.26549291610718,6873,miuser-M83,192.168.3.90,55.26549291610718,0,285,c9640c04,284,128,0.2642724812030792,0.8189144730567932,-0.2642724812030792
0.8193017840385437,0.17604422569274902,False,,,286,1c975a0c01d24b99a0790a45cfe7581a,2019-11-07_10-40-11,1573094411,55.44153714179993,6873,miuser-M83,192.168.3.90,55.44153714179993,0,286,c9640c04,285,128,0.22991639375686646,0.8193017840385437,-0.22991639375686646
0.8197136521339417,0.17232775688171387,False,,,287,1c975a0c01d24b99a0790a45cfe7581a,2019-11-07_10-40-11,1573094411,55.61386489868164,6873,miuser-M83,192.168.3.90,55.61386489868164,0,287,c9640c04,286,128,0.156183123588562,0.8197136521339417,-0.156183123588562
0.81982421875,0.20183062553405762,False,,,288,1c975a0c01d24b99a0790a45cfe7581a,2019-11-07_10-40-11,1573094411,55.8156955242157,6873,miuser-M83,192.168.3.90,55.8156955242157,0,288,c9640c04,287,128,0.4107348620891571,0.81982421875,-0.4107348620891571
0.8200962543487549,0.18524599075317383,False,,,289,1c975a0c01d24b99a0790a45cfe7581a,2019-11-07_10-40-12,1573094412,56.00094151496887,6873,miuser-M83,192.168.3.90,56.00094151496887,0,289,c9640c04,288,128,0.3034408986568451,0.8200962543487549,-0.3034408986568451
0.8204741477966309,0.17774510383605957,False,,,290,1c975a0c01d24b99a0790a45cfe7581a,2019-11-07_10-40-12,1573094412,56.17868661880493,6873,miuser-M83,192.168.3.90,56.17868661880493,0,290,c9640c04,289,128,0.22303014993667603,0.8204741477966309,-0.22303014993667603
0.8208494186401367,0.17782974243164062,False,,,291,1c975a0c01d24b99a0790a45cfe7581a,2019-11-07_10-40-12,1573094412,56.35651636123657,6873,miuser-M83,192.168.3.90,56.35651636123657,0,291,c9640c04,290,128,0.21737657487392426,0.8208494186401367,-0.21737657487392426
0.8212489485740662,0.17183947563171387,False,,,292,1c975a0c01d24b99a0790a45cfe7581a,2019-11-07_10-40-12,1573094412,56.528355836868286,6873,miuser-M83,192.168.3.90,56.528355836868286,0,292,c9640c04,291,128,0.19542011618614197,0.8212489485740662,-0.19542011618614197
0.8216456770896912,0.17401432991027832,False,,,293,1c975a0c01d24b99a0790a45cfe7581a,2019-11-07_10-40-12,1573094412,56.702370166778564,6873,miuser-M83,192.168.3.90,56.702370166778564,0,293,c9640c04,292,128,0.21290501952171326,0.8216456770896912,-0.21290501952171326
0.8219600319862366,0.17635107040405273,False,,,294,1c975a0c01d24b99a0790a45cfe7581a,2019-11-07_10-40-12,1573094412,56.87872123718262,6873,miuser-M83,192.168.3.90,56.87872123718262,0,294,c9640c04,293,128,0.3762950301170349,0.8219600319862366,-0.3762950301170349
0.8222192525863647,0.17037177085876465,False,,,295,1c975a0c01d24b99a0790a45cfe7581a,2019-11-07_10-40-13,1573094413,57.04909300804138,6873,miuser-M83,192.168.3.90,57.04909300804138,0,295,c9640c04,294,128,0.2818259298801422,0.8222192525863647,-0.2818259298801422
0.8225559592247009,0.17079925537109375,False,,,296,1c975a0c01d24b99a0790a45cfe7581a,2019-11-07_10-40-13,1573094413,57.219892263412476,6873,miuser-M83,192.168.3.90,57.219892263412476,0,296,c9640c04,295,128,0.3041384816169739,0.8225559592247009,-0.3041384816169739
0.8229166865348816,0.18410301208496094,False,,,297,1c975a0c01d24b99a0790a45cfe7581a,2019-11-07_10-40-13,1573094413,57.40399527549744,6873,miuser-M83,192.168.3.90,57.40399527549744,0,297,c9640c04,296,128,0.20898309350013733,0.8229166865348816,-0.20898309350013733
0.8231700658798218,0.1787881851196289,False,,,298,1c975a0c01d24b99a0790a45cfe7581a,2019-11-07_10-40-13,1573094413,57.582783460617065,6873,miuser-M83,192.168.3.90,57.582783460617065,0,298,c9640c04,297,128,0.3127744495868683,0.8231700658798218,-0.3127744495868683
0.8236308693885803,0.178497314453125,False,,,299,1c975a0c01d24b99a0790a45cfe7581a,2019-11-07_10-40-13,1573094413,57.76128077507019,6873,miuser-M83,192.168.3.90,57.76128077507019,0,299,c9640c04,298,128,0.15717953443527222,0.8236308693885803,-0.15717953443527222
0.82401043176651,0.17499160766601562,True,,,300,1c975a0c01d24b99a0790a45cfe7581a,2019-11-07_10-40-13,1573094413,57.936272382736206,6873,miuser-M83,192.168.3.90,57.936272382736206,0,300,c9640c04,299,128,0.18097834289073944,0.82401043176651,-0.18097834289073944
